<?xml version="1.0" encoding="UTF-8"?>
<project-private xmlns="http://www.netbeans.org/ns/project-private/1">
    <editor-bookmarks xmlns="http://www.netbeans.org/ns/editor-bookmarks/2" lastBookmarkId="0"/>
    <open-files xmlns="http://www.netbeans.org/ns/projectui-open-files/2">
        <group>
            <file>file:/root/FACULTY_CORE_JAVA/EmailDemo/src/java/mail/Mailer.java</file>
            <file>file:/root/FACULTY_CORE_JAVA/EmailDemo/web/index.html</file>
            <file>file:/root/FACULTY_CORE_JAVA/EmailDemo/web/SendMail.jsp</file>
        </group>
    </open-files>
</project-private>
